,action,who,s_time,e_time,t_time,sub_action,action:sub_action,order,condition,participant,coder
0,Child utterance,Child,4.44,4.8,0.36,utterance,Child utterance:utterance,1,r,105,SK
1,Child utterance,Child,20.08,21.08,1.0,utterance,Child utterance:utterance,1,r,105,SK
2,Child utterance,Child,22.36,23.28,0.92,utterance,Child utterance:utterance,1,r,105,SK
3,Child utterance,Child,44.52,45.08,0.56,utterance,Child utterance:utterance,1,r,105,SK
4,Child utterance,Child,53.42,54.3,0.88,utterance,Child utterance:utterance,1,r,105,SK
5,Child utterance,Child,56.4,57.12,0.72,utterance,Child utterance:utterance,1,r,105,SK
6,Child utterance,Child,59.32,59.96,0.64,utterance,Child utterance:utterance,1,r,105,SK
7,Child utterance,Child,72.06,75.5,3.44,utterance,Child utterance:utterance,1,r,105,SK
8,Child utterance,Child,79.06,79.62,0.56,utterance,Child utterance:utterance,1,r,105,SK
9,Child utterance,Child,82.74,83.66,0.92,utterance,Child utterance:utterance,1,r,105,SK
10,Child utterance,Child,104.74000000000001,105.46000000000001,0.72,utterance,Child utterance:utterance,1,r,105,SK
11,Child utterance,Child,107.9,108.53999999999999,0.64,utterance,Child utterance:utterance,1,r,105,SK
12,Child utterance,Child,128.06,128.74,0.68,utterance,Child utterance:utterance,1,r,105,SK
13,Child utterance,Child,129.68,130.24,0.56,utterance,Child utterance:utterance,1,r,105,SK
14,Child utterance,Child,131.6,132.0,0.4,utterance,Child utterance:utterance,1,r,105,SK
15,Child utterance,Child,132.88,133.56,0.68,utterance,Child utterance:utterance,1,r,105,SK
16,Child utterance,Child,141.78,142.34,0.56,utterance,Child utterance:utterance,1,r,105,SK
17,Child utterance,Child,147.66,148.18,0.52,utterance,Child utterance:utterance,1,r,105,SK
18,Child utterance,Child,150.48,151.2,0.72,utterance,Child utterance:utterance,1,r,105,SK
19,Child utterance,Child,154.3,155.5,1.2,utterance,Child utterance:utterance,1,r,105,SK
20,Child utterance,Child,157.42000000000002,158.54,1.12,utterance,Child utterance:utterance,1,r,105,SK
21,Child utterance,Child,163.66,164.54,0.88,utterance,Child utterance:utterance,1,r,105,SK
22,Child utterance,Child,165.02,166.34,1.32,utterance,Child utterance:utterance,1,r,105,SK
23,Child utterance,Child,166.92000000000002,168.36,1.44,utterance,Child utterance:utterance,1,r,105,SK
24,Child utterance,Child,168.68,169.24,0.56,utterance,Child utterance:utterance,1,r,105,SK
25,Child utterance,Child,170.24,171.28,1.04,utterance,Child utterance:utterance,1,r,105,SK
26,Child utterance,Child,177.86,178.38,0.52,utterance,Child utterance:utterance,1,r,105,SK
27,Child utterance,Child,186.96,188.12,1.16,utterance,Child utterance:utterance,1,r,105,SK
28,Child utterance,Child,189.5,190.18,0.68,utterance,Child utterance:utterance,1,r,105,SK
29,Child utterance,Child,192.96,194.2,1.24,utterance,Child utterance:utterance,1,r,105,SK
30,Child utterance,Child,196.38,197.94,1.56,utterance,Child utterance:utterance,1,r,105,SK
31,Child utterance,Child,203.18,205.57999999999998,2.4,utterance,Child utterance:utterance,1,r,105,SK
32,Child utterance,Child,207.42000000000002,207.9,0.48,utterance,Child utterance:utterance,1,r,105,SK
33,Child utterance,Child,213.66,214.86,1.2,utterance,Child utterance:utterance,1,r,105,SK
34,Child utterance,Child,215.8,216.04,0.24,utterance,Child utterance:utterance,1,r,105,SK
35,Child utterance,Child,217.04,217.6,0.56,utterance,Child utterance:utterance,1,r,105,SK
36,Child utterance,Child,218.94,219.62,0.68,utterance,Child utterance:utterance,1,r,105,SK
37,Child utterance,Child,221.34,222.1,0.76,utterance,Child utterance:utterance,1,r,105,SK
38,Child utterance,Child,229.66,230.42000000000002,0.76,utterance,Child utterance:utterance,1,r,105,SK
39,Child utterance,Child,234.28,234.92000000000002,0.64,utterance,Child utterance:utterance,1,r,105,SK
40,Child utterance,Child,243.6,245.08,1.48,utterance,Child utterance:utterance,1,r,105,SK
41,Child utterance,Child,247.48,247.92,0.44,utterance,Child utterance:utterance,1,r,105,SK
42,Child utterance,Child,249.78,251.22,1.44,utterance,Child utterance:utterance,1,r,105,SK
43,Child utterance,Child,253.1,254.5,1.4,utterance,Child utterance:utterance,1,r,105,SK
44,Child utterance,Child,256.12,258.48,2.36,utterance,Child utterance:utterance,1,r,105,SK
45,Child utterance,Child,262.7,264.22,1.52,utterance,Child utterance:utterance,1,r,105,SK
46,Child utterance,Child,265.02,265.86,0.84,utterance,Child utterance:utterance,1,r,105,SK
47,Child utterance,Child,270.42,271.46,1.04,utterance,Child utterance:utterance,1,r,105,SK
48,Child utterance,Child,272.58,273.14,0.56,utterance,Child utterance:utterance,1,r,105,SK
49,Child utterance,Child,273.9,274.7,0.8,utterance,Child utterance:utterance,1,r,105,SK
50,Child utterance,Child,280.76,282.68,1.92,utterance,Child utterance:utterance,1,r,105,SK
51,Child utterance,Child,292.24,292.96,0.72,utterance,Child utterance:utterance,1,r,105,SK
52,Child utterance,Child,293.9,294.34000000000003,0.44,utterance,Child utterance:utterance,1,r,105,SK
53,Child utterance,Child,295.96,296.48,0.52,utterance,Child utterance:utterance,1,r,105,SK
54,Child utterance,Child,298.6,299.32,0.72,utterance,Child utterance:utterance,1,r,105,SK
55,Child utterance,Child,300.68,301.44,0.76,utterance,Child utterance:utterance,1,r,105,SK
56,Child gaze,Child,10.8,12.36,1.56,robot,Child gaze:robot,1,r,105,SK
57,Child gaze,Child,13.56,16.84,3.28,robot,Child gaze:robot,1,r,105,SK
58,Child gaze,Child,17.76,41.68,23.92,robot,Child gaze:robot,1,r,105,SK
59,Child gaze,Child,45.72,48.0,2.28,robot,Child gaze:robot,1,r,105,SK
60,Child gaze,Child,48.14,50.82,2.68,props,Child gaze:props,1,r,105,SK
61,Child gaze,Child,50.92,67.16,16.24,robot,Child gaze:robot,1,r,105,SK
62,Child gaze,Child,67.28,68.32,1.04,props,Child gaze:props,1,r,105,SK
63,Child gaze,Child,68.44,84.68,16.24,robot,Child gaze:robot,1,r,105,SK
64,Child gaze,Child,84.8,86.72,1.92,parent,Child gaze:parent,1,r,105,SK
65,Child gaze,Child,86.8,94.75999999999999,7.96,robot,Child gaze:robot,1,r,105,SK
66,Child gaze,Child,95.02000000000001,97.66,2.64,props,Child gaze:props,1,r,105,SK
67,Child gaze,Child,97.7,101.86,4.16,robot,Child gaze:robot,1,r,105,SK
68,Child gaze,Child,101.94,106.22,4.28,props,Child gaze:props,1,r,105,SK
69,Child gaze,Child,106.28,106.47999999999999,0.2,robot,Child gaze:robot,1,r,105,SK
70,Child gaze,Child,106.62,110.82,4.2,props,Child gaze:props,1,r,105,SK
71,Child gaze,Child,110.88,112.8,1.92,robot,Child gaze:robot,1,r,105,SK
72,Child gaze,Child,112.88,114.47999999999999,1.6,props,Child gaze:props,1,r,105,SK
73,Child gaze,Child,114.56,115.2,0.64,robot,Child gaze:robot,1,r,105,SK
74,Child gaze,Child,115.24000000000001,117.44,2.2,props,Child gaze:props,1,r,105,SK
75,Child gaze,Child,117.5,122.7,5.2,robot,Child gaze:robot,1,r,105,SK
76,Child gaze,Child,123.62,127.38,3.76,robot,Child gaze:robot,1,r,105,SK
77,Child gaze,Child,127.5,134.86,7.36,props,Child gaze:props,1,r,105,SK
78,Child gaze,Child,134.98,136.7,1.72,robot,Child gaze:robot,1,r,105,SK
79,Child gaze,Child,136.76,137.56,0.8,props,Child gaze:props,1,r,105,SK
80,Child gaze,Child,137.72,158.8,21.08,robot,Child gaze:robot,1,r,105,SK
81,Child gaze,Child,158.9,160.5,1.6,props,Child gaze:props,1,r,105,SK
82,Child gaze,Child,160.7,175.94,15.24,robot,Child gaze:robot,1,r,105,SK
83,Child gaze,Child,176.07999999999998,177.24,1.16,props,Child gaze:props,1,r,105,SK
84,Child gaze,Child,177.42000000000002,179.74,2.32,robot,Child gaze:robot,1,r,105,SK
85,Child gaze,Child,179.82,182.62,2.8,props,Child gaze:props,1,r,105,SK
86,Child gaze,Child,182.7,185.62,2.92,robot,Child gaze:robot,1,r,105,SK
87,Child gaze,Child,185.68,187.44,1.76,props,Child gaze:props,1,r,105,SK
88,Child gaze,Child,187.52,189.28,1.76,robot,Child gaze:robot,1,r,105,SK
89,Child gaze,Child,189.44,191.72,2.28,props,Child gaze:props,1,r,105,SK
90,Child gaze,Child,191.86,207.57999999999998,15.72,robot,Child gaze:robot,1,r,105,SK
91,Child gaze,Child,207.6,210.28,2.68,props,Child gaze:props,1,r,105,SK
92,Child gaze,Child,210.42000000000002,212.06,1.64,robot,Child gaze:robot,1,r,105,SK
93,Child gaze,Child,212.12,213.28,1.16,props,Child gaze:props,1,r,105,SK
94,Child gaze,Child,213.38,214.7,1.32,robot,Child gaze:robot,1,r,105,SK
95,Child gaze,Child,214.72,221.12,6.4,props,Child gaze:props,1,r,105,SK
96,Child gaze,Child,221.16,229.4,8.24,robot,Child gaze:robot,1,r,105,SK
97,Child gaze,Child,229.44,237.8,8.36,props,Child gaze:props,1,r,105,SK
98,Child gaze,Child,237.86,256.34,18.48,robot,Child gaze:robot,1,r,105,SK
99,Child gaze,Child,256.46,258.78,2.32,props,Child gaze:props,1,r,105,SK
100,Child gaze,Child,258.9,268.02,9.12,robot,Child gaze:robot,1,r,105,SK
101,Child gaze,Child,268.1,278.82,10.72,props,Child gaze:props,1,r,105,SK
102,Child gaze,Child,278.86,282.94,4.08,props,Child gaze:props,1,r,105,SK
103,Child gaze,Child,283.02,289.22,6.2,robot,Child gaze:robot,1,r,105,SK
104,Child gaze,Child,289.28,293.6,4.32,props,Child gaze:props,1,r,105,SK
105,Child gaze,Child,293.68,298.15999999999997,4.48,robot,Child gaze:robot,1,r,105,SK
106,Child gaze,Child,298.24,298.76,0.52,props,Child gaze:props,1,r,105,SK
107,Child gaze,Child,299.15999999999997,302.88,3.72,robot,Child gaze:robot,1,r,105,SK
108,Child affect,Child,19.92,26.08,6.16,positive 1,Child affect:positive 1,1,r,105,SK
109,Child affect,Child,30.44,32.64,2.2,positive 1,Child affect:positive 1,1,r,105,SK
110,Child affect,Child,34.3,35.98,1.68,positive 1,Child affect:positive 1,1,r,105,SK
111,Child affect,Child,45.7,63.54,17.84,positive 2,Child affect:positive 2,1,r,105,SK
112,Child affect,Child,78.48,82.96000000000001,4.48,positive 3,Child affect:positive 3,1,r,105,SK
113,Child affect,Child,85.76,89.6,3.84,positive 1,Child affect:positive 1,1,r,105,SK
114,Child affect,Child,105.2,107.03999999999999,1.84,positive 2,Child affect:positive 2,1,r,105,SK
115,Child affect,Child,126.08,135.64,9.56,positive 2,Child affect:positive 2,1,r,105,SK
116,Child affect,Child,150.56,153.0,2.44,positive 2,Child affect:positive 2,1,r,105,SK
117,Child affect,Child,165.28,169.44,4.16,positive 1,Child affect:positive 1,1,r,105,SK
118,Child affect,Child,170.56,172.0,1.44,positive 2,Child affect:positive 2,1,r,105,SK
119,Child affect,Child,172.07999999999998,173.84,1.76,positive 1,Child affect:positive 1,1,r,105,SK
120,Child affect,Child,177.56,185.92,8.36,positive 1,Child affect:positive 1,1,r,105,SK
121,Child affect,Child,192.3,201.1,8.8,positive 1,Child affect:positive 1,1,r,105,SK
122,Child affect,Child,229.8,238.24,8.44,positive 1,Child affect:positive 1,1,r,105,SK
123,Child affect,Child,246.66,250.66,4.0,positive 1,Child affect:positive 1,1,r,105,SK
124,Child affect,Child,250.74,256.06,5.32,positive 3,Child affect:positive 3,1,r,105,SK
125,Child affect,Child,265.36,270.2,4.84,positive 2,Child affect:positive 2,1,r,105,SK
126,Child affect,Child,275.98,282.02,6.04,positive 1,Child affect:positive 1,1,r,105,SK
127,Child affect,Child,282.12,286.68,4.56,positive 3,Child affect:positive 3,1,r,105,SK
128,Child gesture,Child,4.4,5.08,0.68,point at prop,Child gesture:point at prop,1,r,105,SK
129,Child gesture,Child,20.76,23.6,2.84,point at prop,Child gesture:point at prop,1,r,105,SK
130,Child gesture,Child,44.28,45.44,1.16,point at prop,Child gesture:point at prop,1,r,105,SK
131,Child gesture,Child,128.22,132.22,4.0,point at prop,Child gesture:point at prop,1,r,105,SK
132,Child gesture,Child,133.46,135.42,1.96,point at prop,Child gesture:point at prop,1,r,105,SK
133,Child gesture,Child,150.5,151.82,1.32,point at prop,Child gesture:point at prop,1,r,105,SK
134,Child gesture,Child,180.12,180.84,0.72,point at prop,Child gesture:point at prop,1,r,105,SK
135,Child gesture,Child,187.3,187.9,0.6,point at prop,Child gesture:point at prop,1,r,105,SK
136,Child gesture,Child,189.92,190.64,0.72,point at prop,Child gesture:point at prop,1,r,105,SK
137,Child gesture,Child,192.92,194.12,1.2,point at prop,Child gesture:point at prop,1,r,105,SK
138,Child gesture,Child,218.98,220.02,1.04,point at prop,Child gesture:point at prop,1,r,105,SK
139,Child gesture,Child,220.98,221.5,0.52,point at prop,Child gesture:point at prop,1,r,105,SK
140,Child gesture,Child,229.92000000000002,232.12,2.2,point at prop,Child gesture:point at prop,1,r,105,SK
141,Child gesture,Child,257.12,258.16,1.04,point at prop,Child gesture:point at prop,1,r,105,SK
142,Child gesture,Child,270.52,271.32,0.8,point at prop,Child gesture:point at prop,1,r,105,SK
143,Child gesture,Child,274.15999999999997,276.08,1.92,point at prop,Child gesture:point at prop,1,r,105,SK
144,Child gesture,Child,281.36,282.36,1.0,point at prop,Child gesture:point at prop,1,r,105,SK
145,Parent utterance,Parent,5.6,7.44,1.84,utterance,Parent utterance:utterance,1,r,105,SK
146,Parent utterance,Parent,9.88,11.08,1.2,missing data,Parent utterance:missing data,1,r,105,SK
147,Parent utterance,Parent,12.2,13.56,1.36,missing data,Parent utterance:missing data,1,r,105,SK
148,Parent utterance,Parent,17.44,19.2,1.76,utterance,Parent utterance:utterance,1,r,105,SK
149,Parent utterance,Parent,47.72,48.56,0.84,utterance,Parent utterance:utterance,1,r,105,SK
150,Parent utterance,Parent,55.26,56.1,0.84,utterance,Parent utterance:utterance,1,r,105,SK
151,Parent utterance,Parent,60.08,60.76,0.68,utterance,Parent utterance:utterance,1,r,105,SK
152,Parent utterance,Parent,66.42,67.74,1.32,utterance,Parent utterance:utterance,1,r,105,SK
153,Parent utterance,Parent,79.82,80.46000000000001,0.64,utterance,Parent utterance:utterance,1,r,105,SK
154,Parent utterance,Parent,83.8,86.72,2.92,utterance,Parent utterance:utterance,1,r,105,SK
155,Parent utterance,Parent,94.86,95.82,0.96,utterance,Parent utterance:utterance,1,r,105,SK
156,Parent utterance,Parent,97.34,97.86,0.52,utterance,Parent utterance:utterance,1,r,105,SK
157,Parent utterance,Parent,98.68,99.4,0.72,utterance,Parent utterance:utterance,1,r,105,SK
158,Parent utterance,Parent,100.92,103.92,3.0,utterance,Parent utterance:utterance,1,r,105,SK
159,Parent utterance,Parent,105.74000000000001,107.82,2.08,utterance,Parent utterance:utterance,1,r,105,SK
160,Parent utterance,Parent,121.26,121.82,0.56,missing data,Parent utterance:missing data,1,r,105,SK
161,Parent utterance,Parent,124.22,125.86,1.64,utterance,Parent utterance:utterance,1,r,105,SK
162,Parent utterance,Parent,126.84,127.44,0.6,utterance,Parent utterance:utterance,1,r,105,SK
163,Parent utterance,Parent,130.52,131.48,0.96,utterance,Parent utterance:utterance,1,r,105,SK
164,Parent utterance,Parent,132.34,132.82,0.48,utterance,Parent utterance:utterance,1,r,105,SK
165,Parent utterance,Parent,133.78,134.38,0.6,utterance,Parent utterance:utterance,1,r,105,SK
166,Parent utterance,Parent,136.32,136.88,0.56,utterance,Parent utterance:utterance,1,r,105,SK
167,Parent utterance,Parent,139.07999999999998,139.6,0.52,utterance,Parent utterance:utterance,1,r,105,SK
168,Parent utterance,Parent,140.14,141.02,0.88,utterance,Parent utterance:utterance,1,r,105,SK
169,Parent utterance,Parent,145.26,146.06,0.8,utterance,Parent utterance:utterance,1,r,105,SK
170,Parent utterance,Parent,148.48,149.44,0.96,utterance,Parent utterance:utterance,1,r,105,SK
171,Parent utterance,Parent,152.52,153.04,0.52,utterance,Parent utterance:utterance,1,r,105,SK
172,Parent utterance,Parent,155.78,157.3,1.52,utterance,Parent utterance:utterance,1,r,105,SK
173,Parent utterance,Parent,158.54,159.94,1.4,utterance,Parent utterance:utterance,1,r,105,SK
174,Parent utterance,Parent,160.8,161.88,1.08,utterance,Parent utterance:utterance,1,r,105,SK
175,Parent utterance,Parent,171.8,173.36,1.56,utterance,Parent utterance:utterance,1,r,105,SK
176,Parent utterance,Parent,173.94,174.57999999999998,0.64,utterance,Parent utterance:utterance,1,r,105,SK
177,Parent utterance,Parent,175.16,175.92000000000002,0.76,utterance,Parent utterance:utterance,1,r,105,SK
178,Parent utterance,Parent,176.6,177.44,0.84,utterance,Parent utterance:utterance,1,r,105,SK
179,Parent utterance,Parent,178.6,180.72,2.12,utterance,Parent utterance:utterance,1,r,105,SK
180,Parent utterance,Parent,180.82,181.74,0.92,utterance,Parent utterance:utterance,1,r,105,SK
181,Parent utterance,Parent,182.96,183.92,0.96,utterance,Parent utterance:utterance,1,r,105,SK
182,Parent utterance,Parent,190.4,192.48,2.08,utterance,Parent utterance:utterance,1,r,105,SK
183,Parent utterance,Parent,194.3,195.5,1.2,utterance,Parent utterance:utterance,1,r,105,SK
184,Parent utterance,Parent,198.44,199.84,1.4,utterance,Parent utterance:utterance,1,r,105,SK
185,Parent utterance,Parent,206.1,206.78,0.68,utterance,Parent utterance:utterance,1,r,105,SK
186,Parent utterance,Parent,208.64,211.48,2.84,utterance,Parent utterance:utterance,1,r,105,SK
187,Parent utterance,Parent,212.9,213.34,0.44,missing data,Parent utterance:missing data,1,r,105,SK
188,Parent utterance,Parent,215.07999999999998,215.68,0.6,utterance,Parent utterance:utterance,1,r,105,SK
189,Parent utterance,Parent,216.16,216.92000000000002,0.76,utterance,Parent utterance:utterance,1,r,105,SK
190,Parent utterance,Parent,217.98,218.62,0.64,utterance,Parent utterance:utterance,1,r,105,SK
191,Parent utterance,Parent,222.24,223.24,1.0,utterance,Parent utterance:utterance,1,r,105,SK
192,Parent utterance,Parent,227.86,229.06,1.2,utterance,Parent utterance:utterance,1,r,105,SK
193,Parent utterance,Parent,231.0,231.52,0.52,utterance,Parent utterance:utterance,1,r,105,SK
194,Parent utterance,Parent,233.26,234.02,0.76,utterance,Parent utterance:utterance,1,r,105,SK
195,Parent utterance,Parent,235.4,236.84,1.44,utterance,Parent utterance:utterance,1,r,105,SK
196,Parent utterance,Parent,239.32,240.28,0.96,utterance,Parent utterance:utterance,1,r,105,SK
197,Parent utterance,Parent,242.0,243.44,1.44,utterance,Parent utterance:utterance,1,r,105,SK
198,Parent utterance,Parent,245.54,247.02,1.48,utterance,Parent utterance:utterance,1,r,105,SK
199,Parent utterance,Parent,258.7,261.74,3.04,utterance,Parent utterance:utterance,1,r,105,SK
200,Parent utterance,Parent,264.3,264.86,0.56,utterance,Parent utterance:utterance,1,r,105,SK
201,Parent utterance,Parent,267.06,269.62,2.56,utterance,Parent utterance:utterance,1,r,105,SK
202,Parent utterance,Parent,271.66,272.54,0.88,utterance,Parent utterance:utterance,1,r,105,SK
203,Parent utterance,Parent,275.5,276.86,1.36,utterance,Parent utterance:utterance,1,r,105,SK
204,Parent utterance,Parent,277.5,278.7,1.2,utterance,Parent utterance:utterance,1,r,105,SK
205,Parent utterance,Parent,279.22,279.9,0.68,utterance,Parent utterance:utterance,1,r,105,SK
206,Parent utterance,Parent,282.72,283.76,1.04,utterance,Parent utterance:utterance,1,r,105,SK
207,Parent utterance,Parent,286.48,288.6,2.12,utterance,Parent utterance:utterance,1,r,105,SK
208,Parent utterance,Parent,290.22,291.7,1.48,utterance,Parent utterance:utterance,1,r,105,SK
209,Parent utterance,Parent,293.28,293.88,0.6,utterance,Parent utterance:utterance,1,r,105,SK
210,Parent utterance,Parent,299.42,300.34,0.92,utterance,Parent utterance:utterance,1,r,105,SK
211,Verbal scaffolding,Parent,66.42,67.74,1.32,cognitive,Verbal scaffolding:cognitive,1,r,105,SK
212,Verbal scaffolding,Parent,94.86,95.82,0.96,cognitive,Verbal scaffolding:cognitive,1,r,105,SK
213,Verbal scaffolding,Parent,97.34,97.86,0.52,cognitive,Verbal scaffolding:cognitive,1,r,105,SK
214,Verbal scaffolding,Parent,100.92,103.92,3.0,cognitive,Verbal scaffolding:cognitive,1,r,105,SK
215,Verbal scaffolding,Parent,105.74000000000001,107.82,2.08,cognitive,Verbal scaffolding:cognitive,1,r,105,SK
216,Verbal scaffolding,Parent,124.22,125.86,1.64,cognitive,Verbal scaffolding:cognitive,1,r,105,SK
217,Verbal scaffolding,Parent,136.32,136.88,0.56,cognitive,Verbal scaffolding:cognitive,1,r,105,SK
218,Verbal scaffolding,Parent,171.8,173.36,1.56,cognitive,Verbal scaffolding:cognitive,1,r,105,SK
219,Verbal scaffolding,Parent,173.94,174.57999999999998,0.64,cognitive,Verbal scaffolding:cognitive,1,r,105,SK
220,Verbal scaffolding,Parent,175.16,175.92000000000002,0.76,cognitive,Verbal scaffolding:cognitive,1,r,105,SK
221,Verbal scaffolding,Parent,206.1,206.78,0.68,cognitive,Verbal scaffolding:cognitive,1,r,105,SK
222,Verbal scaffolding,Parent,227.86,229.06,1.2,cognitive,Verbal scaffolding:cognitive,1,r,105,SK
223,Verbal scaffolding,Parent,235.4,236.84,1.44,cognitive,Verbal scaffolding:cognitive,1,r,105,SK
224,Verbal scaffolding,Parent,245.54,247.02,1.48,affective,Verbal scaffolding:affective,1,r,105,SK
225,Verbal scaffolding,Parent,267.06,269.62,2.56,cognitive,Verbal scaffolding:cognitive,1,r,105,SK
226,Verbal scaffolding,Parent,275.5,276.86,1.36,cognitive,Verbal scaffolding:cognitive,1,r,105,SK
227,Verbal scaffolding,Parent,277.5,278.7,1.2,cognitive,Verbal scaffolding:cognitive,1,r,105,SK
228,Verbal scaffolding,Parent,279.22,279.9,0.68,cognitive,Verbal scaffolding:cognitive,1,r,105,SK
229,Verbal scaffolding,Parent,290.22,291.7,1.48,cognitive,Verbal scaffolding:cognitive,1,r,105,SK
230,Non-verbal scaffolding,Parent,47.86,48.54,0.68,cognitive,Non-verbal scaffolding:cognitive,1,r,105,SK
231,Non-verbal scaffolding,Parent,53.6,55.6,2.0,cognitive,Non-verbal scaffolding:cognitive,1,r,105,SK
232,Non-verbal scaffolding,Parent,64.0,64.92,0.92,cognitive,Non-verbal scaffolding:cognitive,1,r,105,SK
233,Non-verbal scaffolding,Parent,66.62,67.66,1.04,cognitive,Non-verbal scaffolding:cognitive,1,r,105,SK
234,Non-verbal scaffolding,Parent,94.2,95.84,1.64,cognitive,Non-verbal scaffolding:cognitive,1,r,105,SK
235,Non-verbal scaffolding,Parent,97.5,97.78,0.28,cognitive,Non-verbal scaffolding:cognitive,1,r,105,SK
236,Non-verbal scaffolding,Parent,106.03999999999999,106.28,0.24,cognitive,Non-verbal scaffolding:cognitive,1,r,105,SK
237,Non-verbal scaffolding,Parent,116.12,116.64,0.52,technical,Non-verbal scaffolding:technical,1,r,105,SK
238,Non-verbal scaffolding,Parent,140.0,140.6,0.6,cognitive,Non-verbal scaffolding:cognitive,1,r,105,SK
239,Non-verbal scaffolding,Parent,180.84,182.0,1.16,cognitive,Non-verbal scaffolding:cognitive,1,r,105,SK
240,Non-verbal scaffolding,Parent,233.18,234.06,0.88,cognitive,Non-verbal scaffolding:cognitive,1,r,105,SK
241,Non-verbal scaffolding,Parent,264.24,264.8,0.56,affective,Non-verbal scaffolding:affective,1,r,105,SK
242,Parent gaze,Parent,6.76,8.28,1.52,child,Parent gaze:child,1,r,105,SK
243,Parent gaze,Parent,8.32,10.12,1.8,robot,Parent gaze:robot,1,r,105,SK
244,Parent gaze,Parent,10.2,13.68,3.48,missing data,Parent gaze:missing data,1,r,105,SK
245,Parent gaze,Parent,14.08,17.36,3.28,robot,Parent gaze:robot,1,r,105,SK
246,Parent gaze,Parent,17.76,19.56,1.8,child,Parent gaze:child,1,r,105,SK
247,Parent gaze,Parent,19.76,21.32,1.56,robot,Parent gaze:robot,1,r,105,SK
248,Parent gaze,Parent,21.4,23.6,2.2,child,Parent gaze:child,1,r,105,SK
249,Parent gaze,Parent,23.68,28.2,4.52,robot,Parent gaze:robot,1,r,105,SK
250,Parent gaze,Parent,28.34,31.54,3.2,child,Parent gaze:child,1,r,105,SK
251,Parent gaze,Parent,31.62,34.42,2.8,robot,Parent gaze:robot,1,r,105,SK
252,Parent gaze,Parent,34.54,35.34,0.8,child,Parent gaze:child,1,r,105,SK
253,Parent gaze,Parent,35.42,38.78,3.36,robot,Parent gaze:robot,1,r,105,SK
254,Parent gaze,Parent,38.9,41.02,2.12,child,Parent gaze:child,1,r,105,SK
255,Parent gaze,Parent,41.16,42.36,1.2,robot,Parent gaze:robot,1,r,105,SK
256,Parent gaze,Parent,42.44,45.56,3.12,child,Parent gaze:child,1,r,105,SK
257,Parent gaze,Parent,46.72,47.52,0.8,child,Parent gaze:child,1,r,105,SK
258,Parent gaze,Parent,47.64,53.64,6.0,props,Parent gaze:props,1,r,105,SK
259,Parent gaze,Parent,53.76,54.24,0.48,child,Parent gaze:child,1,r,105,SK
260,Parent gaze,Parent,54.32,54.84,0.52,props,Parent gaze:props,1,r,105,SK
261,Parent gaze,Parent,54.98,55.3,0.32,child,Parent gaze:child,1,r,105,SK
262,Parent gaze,Parent,55.38,58.9,3.52,props,Parent gaze:props,1,r,105,SK
263,Parent gaze,Parent,58.94,60.5,1.56,child,Parent gaze:child,1,r,105,SK
264,Parent gaze,Parent,60.52,64.6,4.08,props,Parent gaze:props,1,r,105,SK
265,Parent gaze,Parent,64.68,66.24,1.56,child,Parent gaze:child,1,r,105,SK
266,Parent gaze,Parent,66.34,68.58,2.24,props,Parent gaze:props,1,r,105,SK
267,Parent gaze,Parent,68.66,71.14,2.48,robot,Parent gaze:robot,1,r,105,SK
268,Parent gaze,Parent,71.26,73.9,2.64,child,Parent gaze:child,1,r,105,SK
269,Parent gaze,Parent,74.74,76.26,1.52,child,Parent gaze:child,1,r,105,SK
270,Parent gaze,Parent,76.38,79.5,3.12,robot,Parent gaze:robot,1,r,105,SK
271,Parent gaze,Parent,79.62,82.78,3.16,child,Parent gaze:child,1,r,105,SK
272,Parent gaze,Parent,82.88,83.4,0.52,props,Parent gaze:props,1,r,105,SK
273,Parent gaze,Parent,83.53999999999999,84.14,0.6,child,Parent gaze:child,1,r,105,SK
274,Parent gaze,Parent,84.24,85.44,1.2,props,Parent gaze:props,1,r,105,SK
275,Parent gaze,Parent,85.56,88.12,2.56,child,Parent gaze:child,1,r,105,SK
276,Parent gaze,Parent,88.2,89.56,1.36,props,Parent gaze:props,1,r,105,SK
277,Parent gaze,Parent,89.6,92.0,2.4,robot,Parent gaze:robot,1,r,105,SK
278,Parent gaze,Parent,92.12,92.56,0.44,child,Parent gaze:child,1,r,105,SK
279,Parent gaze,Parent,92.66,94.53999999999999,1.88,props,Parent gaze:props,1,r,105,SK
280,Parent gaze,Parent,94.6,103.6,9.0,child,Parent gaze:child,1,r,105,SK
281,Parent gaze,Parent,103.7,104.3,0.6,props,Parent gaze:props,1,r,105,SK
282,Parent gaze,Parent,104.4,105.92,1.52,child,Parent gaze:child,1,r,105,SK
283,Parent gaze,Parent,105.96000000000001,106.44,0.48,props,Parent gaze:props,1,r,105,SK
284,Parent gaze,Parent,106.52000000000001,108.44,1.92,child,Parent gaze:child,1,r,105,SK
285,Parent gaze,Parent,108.52000000000001,117.12,8.6,props,Parent gaze:props,1,r,105,SK
286,Parent gaze,Parent,117.22,118.25999999999999,1.04,robot,Parent gaze:robot,1,r,105,SK
287,Parent gaze,Parent,118.42,119.42,1.0,child,Parent gaze:child,1,r,105,SK
288,Parent gaze,Parent,119.47999999999999,121.2,1.72,props,Parent gaze:props,1,r,105,SK
289,Parent gaze,Parent,121.3,122.78,1.48,missing data,Parent gaze:missing data,1,r,105,SK
290,Parent gaze,Parent,123.0,123.88,0.88,props,Parent gaze:props,1,r,105,SK
291,Parent gaze,Parent,124.12,128.24,4.12,child,Parent gaze:child,1,r,105,SK
292,Parent gaze,Parent,128.38,128.82,0.44,props,Parent gaze:props,1,r,105,SK
293,Parent gaze,Parent,128.88,130.2,1.32,child,Parent gaze:child,1,r,105,SK
294,Parent gaze,Parent,130.26,131.1,0.84,props,Parent gaze:props,1,r,105,SK
295,Parent gaze,Parent,131.24,132.2,0.96,child,Parent gaze:child,1,r,105,SK
296,Parent gaze,Parent,132.28,136.24,3.96,props,Parent gaze:props,1,r,105,SK
297,Parent gaze,Parent,136.42000000000002,139.3,2.88,child,Parent gaze:child,1,r,105,SK
298,Parent gaze,Parent,139.34,140.1,0.76,props,Parent gaze:props,1,r,105,SK
299,Parent gaze,Parent,140.2,142.44,2.24,child,Parent gaze:child,1,r,105,SK
300,Parent gaze,Parent,142.52,144.2,1.68,props,Parent gaze:props,1,r,105,SK
301,Parent gaze,Parent,144.28,151.4,7.12,child,Parent gaze:child,1,r,105,SK
302,Parent gaze,Parent,151.52,152.88,1.36,props,Parent gaze:props,1,r,105,SK
303,Parent gaze,Parent,153.0,159.0,6.0,child,Parent gaze:child,1,r,105,SK
304,Parent gaze,Parent,159.28,160.52,1.24,props,Parent gaze:props,1,r,105,SK
305,Parent gaze,Parent,160.66,162.5,1.84,robot,Parent gaze:robot,1,r,105,SK
306,Parent gaze,Parent,162.62,162.98,0.36,props,Parent gaze:props,1,r,105,SK
307,Parent gaze,Parent,163.04,166.64,3.6,child,Parent gaze:child,1,r,105,SK
308,Parent gaze,Parent,166.76,169.32,2.56,props,Parent gaze:props,1,r,105,SK
309,Parent gaze,Parent,169.36,170.12,0.76,child,Parent gaze:child,1,r,105,SK
310,Parent gaze,Parent,170.22,171.82,1.6,robot,Parent gaze:robot,1,r,105,SK
311,Parent gaze,Parent,172.02,178.66,6.64,child,Parent gaze:child,1,r,105,SK
312,Parent gaze,Parent,178.78,183.02,4.24,props,Parent gaze:props,1,r,105,SK
313,Parent gaze,Parent,183.1,184.1,1.0,child,Parent gaze:child,1,r,105,SK
314,Parent gaze,Parent,184.2,185.96,1.76,props,Parent gaze:props,1,r,105,SK
315,Parent gaze,Parent,186.0,187.4,1.4,child,Parent gaze:child,1,r,105,SK
316,Parent gaze,Parent,187.5,189.38,1.88,props,Parent gaze:props,1,r,105,SK
317,Parent gaze,Parent,189.48,190.08,0.6,child,Parent gaze:child,1,r,105,SK
318,Parent gaze,Parent,190.18,191.54,1.36,props,Parent gaze:props,1,r,105,SK
319,Parent gaze,Parent,191.62,200.34,8.72,child,Parent gaze:child,1,r,105,SK
320,Parent gaze,Parent,200.46,202.38,1.92,robot,Parent gaze:robot,1,r,105,SK
321,Parent gaze,Parent,202.54,208.1,5.56,child,Parent gaze:child,1,r,105,SK
322,Parent gaze,Parent,208.2,210.68,2.48,props,Parent gaze:props,1,r,105,SK
323,Parent gaze,Parent,210.76,211.84,1.08,child,Parent gaze:child,1,r,105,SK
324,Parent gaze,Parent,213.3,216.3,3.0,props,Parent gaze:props,1,r,105,SK
325,Parent gaze,Parent,216.44,217.12,0.68,child,Parent gaze:child,1,r,105,SK
326,Parent gaze,Parent,217.34,221.57999999999998,4.24,props,Parent gaze:props,1,r,105,SK
327,Parent gaze,Parent,221.7,223.06,1.36,child,Parent gaze:child,1,r,105,SK
328,Parent gaze,Parent,223.18,226.54,3.36,robot,Parent gaze:robot,1,r,105,SK
329,Parent gaze,Parent,226.62,232.42000000000002,5.8,child,Parent gaze:child,1,r,105,SK
330,Parent gaze,Parent,232.48,234.28,1.8,props,Parent gaze:props,1,r,105,SK
331,Parent gaze,Parent,234.42000000000002,234.7,0.28,child,Parent gaze:child,1,r,105,SK
332,Parent gaze,Parent,234.8,236.07999999999998,1.28,props,Parent gaze:props,1,r,105,SK
333,Parent gaze,Parent,236.16,237.2,1.04,child,Parent gaze:child,1,r,105,SK
334,Parent gaze,Parent,237.28,239.76,2.48,props,Parent gaze:props,1,r,105,SK
335,Parent gaze,Parent,239.88,242.84,2.96,child,Parent gaze:child,1,r,105,SK
336,Parent gaze,Parent,242.92,245.4,2.48,props,Parent gaze:props,1,r,105,SK
337,Parent gaze,Parent,245.52,246.16,0.64,robot,Parent gaze:robot,1,r,105,SK
338,Parent gaze,Parent,246.2,247.68,1.48,child,Parent gaze:child,1,r,105,SK
339,Parent gaze,Parent,247.74,249.74,2.0,robot,Parent gaze:robot,1,r,105,SK
340,Parent gaze,Parent,249.82,250.66,0.84,child,Parent gaze:child,1,r,105,SK
341,Parent gaze,Parent,250.72,253.04,2.32,robot,Parent gaze:robot,1,r,105,SK
342,Parent gaze,Parent,253.16,255.64,2.48,props,Parent gaze:props,1,r,105,SK
343,Parent gaze,Parent,255.76,256.64,0.88,robot,Parent gaze:robot,1,r,105,SK
344,Parent gaze,Parent,256.76,257.12,0.36,child,Parent gaze:child,1,r,105,SK
345,Parent gaze,Parent,257.22,259.3,2.08,props,Parent gaze:props,1,r,105,SK
346,Parent gaze,Parent,259.38,266.1,6.72,child,Parent gaze:child,1,r,105,SK
347,Parent gaze,Parent,266.22,267.3,1.08,props,Parent gaze:props,1,r,105,SK
348,Parent gaze,Parent,267.44,269.6,2.16,child,Parent gaze:child,1,r,105,SK
349,Parent gaze,Parent,269.72,272.28,2.56,props,Parent gaze:props,1,r,105,SK
350,Parent gaze,Parent,272.4,273.15999999999997,0.76,child,Parent gaze:child,1,r,105,SK
351,Parent gaze,Parent,273.26,276.02,2.76,props,Parent gaze:props,1,r,105,SK
352,Parent gaze,Parent,276.08,282.64,6.56,child,Parent gaze:child,1,r,105,SK
353,Parent gaze,Parent,282.8,286.15999999999997,3.36,props,Parent gaze:props,1,r,105,SK
354,Parent gaze,Parent,286.28,296.8,10.52,child,Parent gaze:child,1,r,105,SK
355,Parent gaze,Parent,296.9,298.94,2.04,props,Parent gaze:props,1,r,105,SK
356,Parent gaze,Parent,299.04,299.88,0.84,robot,Parent gaze:robot,1,r,105,SK
357,Parent gaze,Parent,300.02,300.86,0.84,child,Parent gaze:child,1,r,105,SK
358,Parent affect,Parent,5.12,18.4,13.28,positive 2,Parent affect:positive 2,1,r,105,SK
359,Parent affect,Parent,18.44,34.68,16.24,positive 1,Parent affect:positive 1,1,r,105,SK
360,Parent affect,Parent,40.48,44.8,4.32,positive 1,Parent affect:positive 1,1,r,105,SK
361,Parent affect,Parent,56.12,59.76,3.64,positive 1,Parent affect:positive 1,1,r,105,SK
362,Parent affect,Parent,123.04,125.68,2.64,positive 1,Parent affect:positive 1,1,r,105,SK
363,Parent affect,Parent,133.02,139.98,6.96,positive 1,Parent affect:positive 1,1,r,105,SK
364,Parent affect,Parent,166.6,170.2,3.6,positive 1,Parent affect:positive 1,1,r,105,SK
365,Parent affect,Parent,200.32,204.96,4.64,positive 1,Parent affect:positive 1,1,r,105,SK
366,Parent affect,Parent,212.0,214.76,2.76,positive 2,Parent affect:positive 2,1,r,105,SK
367,Parent affect,Parent,236.66,246.66,10.0,positive 1,Parent affect:positive 1,1,r,105,SK
368,Parent affect,Parent,247.74,263.94,16.2,positive 2,Parent affect:positive 2,1,r,105,SK
369,Parent affect,Parent,266.32,270.6,4.28,positive 1,Parent affect:positive 1,1,r,105,SK
370,Parent affect,Parent,283.7,287.18,3.48,positive 1,Parent affect:positive 1,1,r,105,SK
371,Parent gesture,Parent,47.86,48.54,0.68,point at prop,Parent gesture:point at prop,1,r,105,SK
372,Parent gesture,Parent,53.6,55.6,2.0,point at prop,Parent gesture:point at prop,1,r,105,SK
373,Parent gesture,Parent,64.0,64.92,0.92,point at prop,Parent gesture:point at prop,1,r,105,SK
374,Parent gesture,Parent,66.62,67.66,1.04,point at prop,Parent gesture:point at prop,1,r,105,SK
375,Parent gesture,Parent,94.2,95.84,1.64,point at prop,Parent gesture:point at prop,1,r,105,SK
376,Parent gesture,Parent,97.5,97.78,0.28,point at prop,Parent gesture:point at prop,1,r,105,SK
377,Parent gesture,Parent,106.03999999999999,106.28,0.24,point at prop,Parent gesture:point at prop,1,r,105,SK
378,Parent gesture,Parent,140.0,140.6,0.6,point at prop,Parent gesture:point at prop,1,r,105,SK
379,Parent gesture,Parent,159.28,159.68,0.4,other,Parent gesture:other,1,r,105,SK
380,Parent gesture,Parent,178.88,180.52,1.64,other,Parent gesture:other,1,r,105,SK
381,Parent gesture,Parent,180.84,182.0,1.16,point at prop,Parent gesture:point at prop,1,r,105,SK
382,Parent gesture,Parent,222.04,222.76,0.72,point at prop,Parent gesture:point at prop,1,r,105,SK
383,Parent gesture,Parent,230.64,233.12,2.48,other,Parent gesture:other,1,r,105,SK
384,Parent gesture,Parent,233.18,234.06,0.88,point at prop,Parent gesture:point at prop,1,r,105,SK
385,Parent gesture,Parent,235.9,238.18,2.28,other,Parent gesture:other,1,r,105,SK
386,Parent gesture,Parent,264.24,264.8,0.56,other,Parent gesture:other,1,r,105,SK
387,Parent gesture,Parent,272.64,273.52,0.88,other,Parent gesture:other,1,r,105,SK
388,Child prop manipulation,Child,109.03999999999999,114.64,5.6,child,Child prop manipulation:child,1,r,105,SK
389,Child prop manipulation,Child,237.34,238.54,1.2,child,Child prop manipulation:child,1,r,105,SK
390,Child prop manipulation,Child,297.34000000000003,298.74,1.4,child,Child prop manipulation:child,1,r,105,SK
391,Parent prop manipulation,Parent,116.12,116.64,0.52,parent,Parent prop manipulation:parent,1,r,105,SK
392,Parent prop manipulation,Parent,160.12,163.0,2.88,parent,Parent prop manipulation:parent,1,r,105,SK
393,Parent prop manipulation,Parent,182.38,185.82,3.44,parent,Parent prop manipulation:parent,1,r,105,SK
394,Parent prop manipulation,Parent,209.88,215.6,5.72,parent,Parent prop manipulation:parent,1,r,105,SK
395,Parent prop manipulation,Parent,238.18,245.62,7.44,parent,Parent prop manipulation:parent,1,r,105,SK
396,robot pointing,robot,32.52,34.88,2.36,point at prop,robot pointing:point at prop,1,r,105,SK
397,robot pointing,robot,41.28,43.52,2.24,point at prop,robot pointing:point at prop,1,r,105,SK
398,robot pointing,robot,53.12,55.48,2.36,point at prop,robot pointing:point at prop,1,r,105,SK
399,robot pointing,robot,62.28,64.72,2.44,point at prop,robot pointing:point at prop,1,r,105,SK
400,robot pointing,robot,92.08,94.4,2.32,point at prop,robot pointing:point at prop,1,r,105,SK
401,robot pointing,robot,166.88,169.44,2.56,point at prop,robot pointing:point at prop,1,r,105,SK
402,robot pointing,robot,224.72,226.64,1.92,point at prop,robot pointing:point at prop,1,r,105,SK
403,robot pointing,robot,252.4,254.76,2.36,point at prop,robot pointing:point at prop,1,r,105,SK
404,robot text,robot,4.32,5.88,1.56,other,robot text:other,1,r,105,SK
405,robot text,robot,7.68,9.84,2.16,other,robot text:other,1,r,105,SK
406,robot text,robot,11.0,12.6,1.6,other,robot text:other,1,r,105,SK
407,robot text,robot,15.56,81.03999999999999,65.48,song,robot text:song,1,r,105,SK
408,robot text,robot,89.32,90.8,1.48,other,robot text:other,1,r,105,SK
409,robot text,robot,92.08,94.4,2.32,teach,robot text:teach,1,r,105,SK
410,robot text,robot,94.97999999999999,97.1,2.12,pick up,robot text:pick up,1,r,105,SK
411,robot text,robot,107.75999999999999,109.75999999999999,2.0,try again,robot text:try again,1,r,105,SK
412,robot text,robot,111.75999999999999,114.03999999999999,2.28,put down,robot text:put down,1,r,105,SK
413,robot text,robot,118.44,119.84,1.4,try again,robot text:try again,1,r,105,SK
414,robot text,robot,121.68,124.04,2.36,pick up,robot text:pick up,1,r,105,SK
415,robot text,robot,134.84,136.6,1.76,try again,robot text:try again,1,r,105,SK
416,robot text,robot,138.06,140.66,2.6,pick up,robot text:pick up,1,r,105,SK
417,robot text,robot,151.4,153.52,2.12,try again,robot text:try again,1,r,105,SK
418,robot text,robot,154.32,156.96,2.64,pick up,robot text:pick up,1,r,105,SK
419,robot text,robot,163.36,166.0,2.64,positive feedback,robot text:positive feedback,1,r,105,SK
420,robot text,robot,166.88,169.44,2.56,teach,robot text:teach,1,r,105,SK
421,robot text,robot,169.66,171.82,2.16,pick up,robot text:pick up,1,r,105,SK
422,robot text,robot,183.2,184.92,1.72,try again,robot text:try again,1,r,105,SK
423,robot text,robot,186.64,189.44,2.8,put down,robot text:put down,1,r,105,SK
424,robot text,robot,200.48,201.76,1.28,try again,robot text:try again,1,r,105,SK
425,robot text,robot,203.04,205.24,2.2,pick up,robot text:pick up,1,r,105,SK
426,robot text,robot,212.0,214.4,2.4,positive feedback,robot text:positive feedback,1,r,105,SK
427,robot text,robot,215.64,217.24,1.6,put down,robot text:put down,1,r,105,SK
428,robot text,robot,220.52,223.2,2.68,positive feedback,robot text:positive feedback,1,r,105,SK
429,robot text,robot,224.72,226.64,1.92,teach,robot text:teach,1,r,105,SK
430,robot text,robot,226.7,229.02,2.32,pick up,robot text:pick up,1,r,105,SK
431,robot text,robot,240.28,242.72,2.44,positive feedback,robot text:positive feedback,1,r,105,SK
432,robot text,robot,244.04,245.88,1.84,put down,robot text:put down,1,r,105,SK
433,robot text,robot,248.36,251.4,3.04,positive feedback,robot text:positive feedback,1,r,105,SK
434,robot text,robot,252.4,254.76,2.36,teach,robot text:teach,1,r,105,SK
435,robot text,robot,255.52,257.24,1.72,pick up,robot text:pick up,1,r,105,SK
436,robot text,robot,268.6,270.28,1.68,try again,robot text:try again,1,r,105,SK
437,robot text,robot,271.52,273.88,2.36,pick up,robot text:pick up,1,r,105,SK
438,robot text,robot,285.4,286.92,1.52,try again,robot text:try again,1,r,105,SK
439,robot text,robot,288.28,290.52,2.24,pick up,robot text:pick up,1,r,105,SK
440,robot text,robot,301.72,303.44,1.72,correction,robot text:correction,1,r,105,SK
441,Conversational turns,"Parent,Child",17.44,21.08,3.639999999999997,PC,Conversational turns:PC,1,r,105,SK
442,Conversational turns,"Parent,Child",47.72,54.3,6.579999999999998,PC,Conversational turns:PC,1,r,105,SK
443,Conversational turns,"Parent,Child",55.26,57.12,1.8599999999999994,PC,Conversational turns:PC,1,r,105,SK
444,Conversational turns,"Parent,Child",66.42,75.5,9.079999999999998,PC,Conversational turns:PC,1,r,105,SK
445,Conversational turns,"Parent,Child",79.82,83.66,3.8400000000000034,PC,Conversational turns:PC,1,r,105,SK
446,Conversational turns,"Parent,Child",100.92,105.46000000000001,4.540000000000006,PC,Conversational turns:PC,1,r,105,SK
447,Conversational turns,"Parent,Child",105.74000000000001,108.53999999999999,2.799999999999983,PC,Conversational turns:PC,1,r,105,SK
448,Conversational turns,"Parent,Child",124.22,128.74,4.52000000000001,PC,Conversational turns:PC,1,r,105,SK
449,Conversational turns,"Parent,Child",126.84,128.74,1.9000000000000057,PC,Conversational turns:PC,1,r,105,SK
450,Conversational turns,"Parent,Child",130.52,132.0,1.4799999999999898,PC,Conversational turns:PC,1,r,105,SK
451,Conversational turns,"Parent,Child",136.32,142.34,6.02000000000001,PC,Conversational turns:PC,1,r,105,SK
452,Conversational turns,"Parent,Child",139.07999999999998,142.34,3.2600000000000193,PC,Conversational turns:PC,1,r,105,SK
453,Conversational turns,"Parent,Child",140.14,142.34,2.200000000000017,PC,Conversational turns:PC,1,r,105,SK
454,Conversational turns,"Parent,Child",145.26,148.18,2.920000000000016,PC,Conversational turns:PC,1,r,105,SK
455,Conversational turns,"Parent,Child",148.48,151.2,2.719999999999999,PC,Conversational turns:PC,1,r,105,SK
456,Conversational turns,"Parent,Child",152.52,155.5,2.9799999999999898,PC,Conversational turns:PC,1,r,105,SK
457,Conversational turns,"Parent,Child",155.78,158.54,2.759999999999991,PC,Conversational turns:PC,1,r,105,SK
458,Conversational turns,"Parent,Child",158.54,164.54,6.0,PC,Conversational turns:PC,1,r,105,SK
459,Conversational turns,"Parent,Child",160.8,164.54,3.7399999999999807,PC,Conversational turns:PC,1,r,105,SK
460,Conversational turns,"Parent,Child",171.8,178.38,6.579999999999984,PC,Conversational turns:PC,1,r,105,SK
461,Conversational turns,"Parent,Child",173.94,178.38,4.439999999999998,PC,Conversational turns:PC,1,r,105,SK
462,Conversational turns,"Parent,Child",175.16,178.38,3.219999999999999,PC,Conversational turns:PC,1,r,105,SK
463,Conversational turns,"Parent,Child",176.6,178.38,1.7800000000000011,PC,Conversational turns:PC,1,r,105,SK
464,Conversational turns,"Parent,Child",182.96,188.12,5.159999999999997,PC,Conversational turns:PC,1,r,105,SK
465,Conversational turns,"Parent,Child",190.4,194.2,3.799999999999983,PC,Conversational turns:PC,1,r,105,SK
466,Conversational turns,"Parent,Child",194.3,197.94,3.6399999999999864,PC,Conversational turns:PC,1,r,105,SK
467,Conversational turns,"Parent,Child",198.44,205.57999999999998,7.139999999999986,PC,Conversational turns:PC,1,r,105,SK
468,Conversational turns,"Parent,Child",206.1,207.9,1.8000000000000114,PC,Conversational turns:PC,1,r,105,SK
469,Conversational turns,"Parent,Child",208.64,214.86,6.220000000000027,PC,Conversational turns:PC,1,r,105,SK
470,Conversational turns,"Parent,Child",212.9,216.04,3.1399999999999864,PC,Conversational turns:PC,1,r,105,SK
471,Conversational turns,"Parent,Child",215.07999999999998,217.6,2.5200000000000102,PC,Conversational turns:PC,1,r,105,SK
472,Conversational turns,"Parent,Child",216.16,219.62,3.460000000000008,PC,Conversational turns:PC,1,r,105,SK
473,Conversational turns,"Parent,Child",217.98,222.1,4.1200000000000045,PC,Conversational turns:PC,1,r,105,SK
474,Conversational turns,"Parent,Child",227.86,230.42000000000002,2.5600000000000023,PC,Conversational turns:PC,1,r,105,SK
475,Conversational turns,"Parent,Child",231.0,234.92000000000002,3.920000000000016,PC,Conversational turns:PC,1,r,105,SK
476,Conversational turns,"Parent,Child",233.26,234.92000000000002,1.660000000000025,PC,Conversational turns:PC,1,r,105,SK
477,Conversational turns,"Parent,Child",239.32,245.08,5.760000000000019,PC,Conversational turns:PC,1,r,105,SK
478,Conversational turns,"Parent,Child",242.0,245.08,3.0800000000000125,PC,Conversational turns:PC,1,r,105,SK
479,Conversational turns,"Parent,Child",245.54,247.92,2.3799999999999955,PC,Conversational turns:PC,1,r,105,SK
480,Conversational turns,"Parent,Child",258.7,264.22,5.520000000000039,PC,Conversational turns:PC,1,r,105,SK
481,Conversational turns,"Parent,Child",267.06,271.46,4.399999999999977,PC,Conversational turns:PC,1,r,105,SK
482,Conversational turns,"Parent,Child",271.66,274.7,3.0399999999999636,PC,Conversational turns:PC,1,r,105,SK
483,Conversational turns,"Parent,Child",275.5,282.68,7.180000000000007,PC,Conversational turns:PC,1,r,105,SK
484,Conversational turns,"Parent,Child",277.5,282.68,5.180000000000007,PC,Conversational turns:PC,1,r,105,SK
485,Conversational turns,"Parent,Child",279.22,282.68,3.4599999999999795,PC,Conversational turns:PC,1,r,105,SK
486,Conversational turns,"Parent,Child",286.48,292.96,6.479999999999961,PC,Conversational turns:PC,1,r,105,SK
487,Conversational turns,"Parent,Child",290.22,292.96,2.7399999999999523,PC,Conversational turns:PC,1,r,105,SK
488,Conversational turns,"Parent,Child",293.28,296.48,3.2000000000000455,PC,Conversational turns:PC,1,r,105,SK
489,Conversational turns,"Parent,Child",299.42,301.44,2.019999999999982,PC,Conversational turns:PC,1,r,105,SK
490,Conversational turns,"Parent,Child",4.44,7.44,3.0,CP,Conversational turns:CP,1,r,105,SK
491,Conversational turns,"Parent,Child",44.52,48.56,4.039999999999999,CP,Conversational turns:CP,1,r,105,SK
492,Conversational turns,"Parent,Child",53.42,56.1,2.6799999999999997,CP,Conversational turns:CP,1,r,105,SK
493,Conversational turns,"Parent,Child",56.4,60.76,4.359999999999999,CP,Conversational turns:CP,1,r,105,SK
494,Conversational turns,"Parent,Child",72.06,80.46000000000001,8.400000000000006,CP,Conversational turns:CP,1,r,105,SK
495,Conversational turns,"Parent,Child",79.06,86.72,7.659999999999997,CP,Conversational turns:CP,1,r,105,SK
496,Conversational turns,"Parent,Child",82.74,86.72,3.980000000000004,CP,Conversational turns:CP,1,r,105,SK
497,Conversational turns,"Parent,Child",104.74000000000001,107.82,3.079999999999984,CP,Conversational turns:CP,1,r,105,SK
498,Conversational turns,"Parent,Child",128.06,131.48,3.4199999999999875,CP,Conversational turns:CP,1,r,105,SK
499,Conversational turns,"Parent,Child",129.68,132.82,3.1399999999999864,CP,Conversational turns:CP,1,r,105,SK
500,Conversational turns,"Parent,Child",131.6,134.38,2.780000000000001,CP,Conversational turns:CP,1,r,105,SK
501,Conversational turns,"Parent,Child",132.88,136.88,4.0,CP,Conversational turns:CP,1,r,105,SK
502,Conversational turns,"Parent,Child",141.78,146.06,4.280000000000001,CP,Conversational turns:CP,1,r,105,SK
503,Conversational turns,"Parent,Child",147.66,153.04,5.3799999999999955,CP,Conversational turns:CP,1,r,105,SK
504,Conversational turns,"Parent,Child",150.48,153.04,2.5600000000000023,CP,Conversational turns:CP,1,r,105,SK
505,Conversational turns,"Parent,Child",154.3,157.3,3.0,CP,Conversational turns:CP,1,r,105,SK
506,Conversational turns,"Parent,Child",157.42000000000002,159.94,2.519999999999982,CP,Conversational turns:CP,1,r,105,SK
507,Conversational turns,"Parent,Child",166.92000000000002,173.36,6.439999999999998,CP,Conversational turns:CP,1,r,105,SK
508,Conversational turns,"Parent,Child",168.68,173.36,4.680000000000007,CP,Conversational turns:CP,1,r,105,SK
509,Conversational turns,"Parent,Child",170.24,173.36,3.1200000000000045,CP,Conversational turns:CP,1,r,105,SK
510,Conversational turns,"Parent,Child",177.86,181.74,3.8799999999999955,CP,Conversational turns:CP,1,r,105,SK
511,Conversational turns,"Parent,Child",186.96,192.48,5.519999999999982,CP,Conversational turns:CP,1,r,105,SK
512,Conversational turns,"Parent,Child",189.5,195.5,6.0,CP,Conversational turns:CP,1,r,105,SK
513,Conversational turns,"Parent,Child",192.96,195.5,2.539999999999992,CP,Conversational turns:CP,1,r,105,SK
514,Conversational turns,"Parent,Child",196.38,199.84,3.460000000000008,CP,Conversational turns:CP,1,r,105,SK
515,Conversational turns,"Parent,Child",203.18,206.78,3.5999999999999943,CP,Conversational turns:CP,1,r,105,SK
516,Conversational turns,"Parent,Child",207.42000000000002,211.48,4.059999999999974,CP,Conversational turns:CP,1,r,105,SK
517,Conversational turns,"Parent,Child",213.66,215.68,2.0200000000000102,CP,Conversational turns:CP,1,r,105,SK
518,Conversational turns,"Parent,Child",215.8,218.62,2.819999999999993,CP,Conversational turns:CP,1,r,105,SK
519,Conversational turns,"Parent,Child",217.04,223.24,6.200000000000017,CP,Conversational turns:CP,1,r,105,SK
520,Conversational turns,"Parent,Child",218.94,223.24,4.300000000000011,CP,Conversational turns:CP,1,r,105,SK
521,Conversational turns,"Parent,Child",229.66,231.52,1.8600000000000136,CP,Conversational turns:CP,1,r,105,SK
522,Conversational turns,"Parent,Child",234.28,236.84,2.5600000000000023,CP,Conversational turns:CP,1,r,105,SK
523,Conversational turns,"Parent,Child",243.6,247.02,3.420000000000016,CP,Conversational turns:CP,1,r,105,SK
524,Conversational turns,"Parent,Child",253.1,261.74,8.640000000000015,CP,Conversational turns:CP,1,r,105,SK
525,Conversational turns,"Parent,Child",256.12,261.74,5.6200000000000045,CP,Conversational turns:CP,1,r,105,SK
526,Conversational turns,"Parent,Child",262.7,264.86,2.160000000000025,CP,Conversational turns:CP,1,r,105,SK
527,Conversational turns,"Parent,Child",265.02,269.62,4.600000000000023,CP,Conversational turns:CP,1,r,105,SK
528,Conversational turns,"Parent,Child",270.42,272.54,2.1200000000000045,CP,Conversational turns:CP,1,r,105,SK
529,Conversational turns,"Parent,Child",272.58,276.86,4.28000000000003,CP,Conversational turns:CP,1,r,105,SK
530,Conversational turns,"Parent,Child",273.9,276.86,2.9600000000000364,CP,Conversational turns:CP,1,r,105,SK
531,Conversational turns,"Parent,Child",280.76,283.76,3.0,CP,Conversational turns:CP,1,r,105,SK
532,Conversational turns,"Parent,Child",292.24,293.88,1.6399999999999864,CP,Conversational turns:CP,1,r,105,SK
533,Conversational turns,"Parent,Child",295.96,300.34,4.3799999999999955,CP,Conversational turns:CP,1,r,105,SK
534,Conversational turns,"Parent,Child",47.72,56.1,8.380000000000003,PCP,Conversational turns:PCP,1,r,105,SK
535,Conversational turns,"Parent,Child",55.26,60.76,5.5,PCP,Conversational turns:PCP,1,r,105,SK
536,Conversational turns,"Parent,Child",66.42,80.46000000000001,14.040000000000006,PCP,Conversational turns:PCP,1,r,105,SK
537,Conversational turns,"Parent,Child",79.82,86.72,6.900000000000006,PCP,Conversational turns:PCP,1,r,105,SK
538,Conversational turns,"Parent,Child",100.92,107.82,6.8999999999999915,PCP,Conversational turns:PCP,1,r,105,SK
539,Conversational turns,"Parent,Child",124.22,131.48,7.259999999999991,PCP,Conversational turns:PCP,1,r,105,SK
540,Conversational turns,"Parent,Child",126.84,131.48,4.639999999999986,PCP,Conversational turns:PCP,1,r,105,SK
541,Conversational turns,"Parent,Child",130.52,134.38,3.859999999999985,PCP,Conversational turns:PCP,1,r,105,SK
542,Conversational turns,"Parent,Child",136.32,146.06,9.740000000000009,PCP,Conversational turns:PCP,1,r,105,SK
543,Conversational turns,"Parent,Child",139.07999999999998,146.06,6.980000000000018,PCP,Conversational turns:PCP,1,r,105,SK
544,Conversational turns,"Parent,Child",140.14,146.06,5.920000000000016,PCP,Conversational turns:PCP,1,r,105,SK
545,Conversational turns,"Parent,Child",145.26,153.04,7.780000000000001,PCP,Conversational turns:PCP,1,r,105,SK
546,Conversational turns,"Parent,Child",148.48,153.04,4.560000000000002,PCP,Conversational turns:PCP,1,r,105,SK
547,Conversational turns,"Parent,Child",152.52,157.3,4.780000000000001,PCP,Conversational turns:PCP,1,r,105,SK
548,Conversational turns,"Parent,Child",155.78,159.94,4.159999999999997,PCP,Conversational turns:PCP,1,r,105,SK
549,Conversational turns,"Parent,Child",158.54,173.36,14.820000000000022,PCP,Conversational turns:PCP,1,r,105,SK
550,Conversational turns,"Parent,Child",160.8,173.36,12.560000000000002,PCP,Conversational turns:PCP,1,r,105,SK
551,Conversational turns,"Parent,Child",171.8,181.74,9.939999999999998,PCP,Conversational turns:PCP,1,r,105,SK
552,Conversational turns,"Parent,Child",173.94,181.74,7.800000000000011,PCP,Conversational turns:PCP,1,r,105,SK
553,Conversational turns,"Parent,Child",175.16,181.74,6.5800000000000125,PCP,Conversational turns:PCP,1,r,105,SK
554,Conversational turns,"Parent,Child",176.6,181.74,5.140000000000015,PCP,Conversational turns:PCP,1,r,105,SK
555,Conversational turns,"Parent,Child",182.96,192.48,9.519999999999982,PCP,Conversational turns:PCP,1,r,105,SK
556,Conversational turns,"Parent,Child",190.4,195.5,5.099999999999994,PCP,Conversational turns:PCP,1,r,105,SK
557,Conversational turns,"Parent,Child",194.3,199.84,5.539999999999992,PCP,Conversational turns:PCP,1,r,105,SK
558,Conversational turns,"Parent,Child",198.44,206.78,8.340000000000003,PCP,Conversational turns:PCP,1,r,105,SK
559,Conversational turns,"Parent,Child",206.1,211.48,5.3799999999999955,PCP,Conversational turns:PCP,1,r,105,SK
560,Conversational turns,"Parent,Child",208.64,215.68,7.0400000000000205,PCP,Conversational turns:PCP,1,r,105,SK
561,Conversational turns,"Parent,Child",212.9,218.62,5.719999999999999,PCP,Conversational turns:PCP,1,r,105,SK
562,Conversational turns,"Parent,Child",215.07999999999998,223.24,8.160000000000025,PCP,Conversational turns:PCP,1,r,105,SK
563,Conversational turns,"Parent,Child",216.16,223.24,7.0800000000000125,PCP,Conversational turns:PCP,1,r,105,SK
564,Conversational turns,"Parent,Child",227.86,231.52,3.6599999999999966,PCP,Conversational turns:PCP,1,r,105,SK
565,Conversational turns,"Parent,Child",231.0,236.84,5.840000000000003,PCP,Conversational turns:PCP,1,r,105,SK
566,Conversational turns,"Parent,Child",233.26,236.84,3.5800000000000125,PCP,Conversational turns:PCP,1,r,105,SK
567,Conversational turns,"Parent,Child",239.32,247.02,7.700000000000017,PCP,Conversational turns:PCP,1,r,105,SK
568,Conversational turns,"Parent,Child",242.0,247.02,5.02000000000001,PCP,Conversational turns:PCP,1,r,105,SK
569,Conversational turns,"Parent,Child",258.7,264.86,6.160000000000025,PCP,Conversational turns:PCP,1,r,105,SK
570,Conversational turns,"Parent,Child",267.06,272.54,5.480000000000018,PCP,Conversational turns:PCP,1,r,105,SK
571,Conversational turns,"Parent,Child",271.66,276.86,5.199999999999989,PCP,Conversational turns:PCP,1,r,105,SK
572,Conversational turns,"Parent,Child",275.5,283.76,8.259999999999991,PCP,Conversational turns:PCP,1,r,105,SK
573,Conversational turns,"Parent,Child",277.5,283.76,6.259999999999991,PCP,Conversational turns:PCP,1,r,105,SK
574,Conversational turns,"Parent,Child",279.22,283.76,4.539999999999964,PCP,Conversational turns:PCP,1,r,105,SK
575,Conversational turns,"Parent,Child",286.48,293.88,7.399999999999977,PCP,Conversational turns:PCP,1,r,105,SK
576,Conversational turns,"Parent,Child",290.22,293.88,3.659999999999968,PCP,Conversational turns:PCP,1,r,105,SK
577,Conversational turns,"Parent,Child",293.28,300.34,7.060000000000002,PCP,Conversational turns:PCP,1,r,105,SK
578,Conversational turns,"Parent,Child",44.52,54.3,9.779999999999994,CPC,Conversational turns:CPC,1,r,105,SK
579,Conversational turns,"Parent,Child",53.42,57.12,3.6999999999999957,CPC,Conversational turns:CPC,1,r,105,SK
580,Conversational turns,"Parent,Child",72.06,83.66,11.599999999999994,CPC,Conversational turns:CPC,1,r,105,SK
581,Conversational turns,"Parent,Child",104.74000000000001,108.53999999999999,3.799999999999983,CPC,Conversational turns:CPC,1,r,105,SK
582,Conversational turns,"Parent,Child",128.06,132.0,3.9399999999999977,CPC,Conversational turns:CPC,1,r,105,SK
583,Conversational turns,"Parent,Child",129.68,142.34,12.659999999999997,CPC,Conversational turns:CPC,1,r,105,SK
584,Conversational turns,"Parent,Child",131.6,142.34,10.740000000000009,CPC,Conversational turns:CPC,1,r,105,SK
585,Conversational turns,"Parent,Child",132.88,142.34,9.460000000000008,CPC,Conversational turns:CPC,1,r,105,SK
586,Conversational turns,"Parent,Child",141.78,148.18,6.400000000000006,CPC,Conversational turns:CPC,1,r,105,SK
587,Conversational turns,"Parent,Child",147.66,155.5,7.840000000000003,CPC,Conversational turns:CPC,1,r,105,SK
588,Conversational turns,"Parent,Child",150.48,155.5,5.02000000000001,CPC,Conversational turns:CPC,1,r,105,SK
589,Conversational turns,"Parent,Child",154.3,158.54,4.239999999999981,CPC,Conversational turns:CPC,1,r,105,SK
590,Conversational turns,"Parent,Child",157.42000000000002,164.54,7.119999999999976,CPC,Conversational turns:CPC,1,r,105,SK
591,Conversational turns,"Parent,Child",166.92000000000002,178.38,11.45999999999998,CPC,Conversational turns:CPC,1,r,105,SK
592,Conversational turns,"Parent,Child",168.68,178.38,9.699999999999989,CPC,Conversational turns:CPC,1,r,105,SK
593,Conversational turns,"Parent,Child",170.24,178.38,8.139999999999986,CPC,Conversational turns:CPC,1,r,105,SK
594,Conversational turns,"Parent,Child",177.86,188.12,10.259999999999991,CPC,Conversational turns:CPC,1,r,105,SK
595,Conversational turns,"Parent,Child",186.96,194.2,7.239999999999981,CPC,Conversational turns:CPC,1,r,105,SK
596,Conversational turns,"Parent,Child",189.5,197.94,8.439999999999998,CPC,Conversational turns:CPC,1,r,105,SK
597,Conversational turns,"Parent,Child",192.96,197.94,4.97999999999999,CPC,Conversational turns:CPC,1,r,105,SK
598,Conversational turns,"Parent,Child",196.38,205.57999999999998,9.199999999999989,CPC,Conversational turns:CPC,1,r,105,SK
599,Conversational turns,"Parent,Child",203.18,207.9,4.719999999999999,CPC,Conversational turns:CPC,1,r,105,SK
600,Conversational turns,"Parent,Child",207.42000000000002,214.86,7.439999999999998,CPC,Conversational turns:CPC,1,r,105,SK
601,Conversational turns,"Parent,Child",213.66,217.6,3.9399999999999977,CPC,Conversational turns:CPC,1,r,105,SK
602,Conversational turns,"Parent,Child",215.8,222.1,6.299999999999983,CPC,Conversational turns:CPC,1,r,105,SK
603,Conversational turns,"Parent,Child",217.04,230.42000000000002,13.380000000000024,CPC,Conversational turns:CPC,1,r,105,SK
604,Conversational turns,"Parent,Child",218.94,230.42000000000002,11.480000000000018,CPC,Conversational turns:CPC,1,r,105,SK
605,Conversational turns,"Parent,Child",229.66,234.92000000000002,5.260000000000019,CPC,Conversational turns:CPC,1,r,105,SK
606,Conversational turns,"Parent,Child",234.28,245.08,10.800000000000011,CPC,Conversational turns:CPC,1,r,105,SK
607,Conversational turns,"Parent,Child",243.6,247.92,4.319999999999993,CPC,Conversational turns:CPC,1,r,105,SK
608,Conversational turns,"Parent,Child",253.1,264.22,11.120000000000033,CPC,Conversational turns:CPC,1,r,105,SK
609,Conversational turns,"Parent,Child",256.12,264.22,8.100000000000023,CPC,Conversational turns:CPC,1,r,105,SK
610,Conversational turns,"Parent,Child",262.7,271.46,8.759999999999991,CPC,Conversational turns:CPC,1,r,105,SK
611,Conversational turns,"Parent,Child",265.02,271.46,6.439999999999998,CPC,Conversational turns:CPC,1,r,105,SK
612,Conversational turns,"Parent,Child",270.42,274.7,4.279999999999973,CPC,Conversational turns:CPC,1,r,105,SK
613,Conversational turns,"Parent,Child",272.58,282.68,10.100000000000023,CPC,Conversational turns:CPC,1,r,105,SK
614,Conversational turns,"Parent,Child",273.9,282.68,8.78000000000003,CPC,Conversational turns:CPC,1,r,105,SK
615,Conversational turns,"Parent,Child",280.76,292.96,12.199999999999989,CPC,Conversational turns:CPC,1,r,105,SK
616,Conversational turns,"Parent,Child",292.24,296.48,4.240000000000009,CPC,Conversational turns:CPC,1,r,105,SK
617,Conversational turns,"Parent,Child",295.96,301.44,5.480000000000018,CPC,Conversational turns:CPC,1,r,105,SK
618,Joint attention,"Parent,Child",14.08,16.84,2.76,robot,Joint attention:robot,1,r,105,SK
619,Joint attention,"Parent,Child",19.76,21.32,1.5599999999999987,robot,Joint attention:robot,1,r,105,SK
620,Joint attention,"Parent,Child",23.68,28.2,4.52,robot,Joint attention:robot,1,r,105,SK
621,Joint attention,"Parent,Child",31.62,34.42,2.8000000000000007,robot,Joint attention:robot,1,r,105,SK
622,Joint attention,"Parent,Child",35.42,38.78,3.3599999999999994,robot,Joint attention:robot,1,r,105,SK
623,Joint attention,"Parent,Child",41.16,41.68,0.5200000000000031,robot,Joint attention:robot,1,r,105,SK
624,Joint attention,"Parent,Child",48.14,50.82,2.6799999999999997,props,Joint attention:props,1,r,105,SK
625,Joint attention,"Parent,Child",67.28,68.32,1.039999999999992,props,Joint attention:props,1,r,105,SK
626,Joint attention,"Parent,Child",68.66,71.14,2.480000000000004,robot,Joint attention:robot,1,r,105,SK
627,Joint attention,"Parent,Child",76.38,79.5,3.1200000000000045,robot,Joint attention:robot,1,r,105,SK
628,Joint attention,"Parent,Child",89.6,92.0,2.4000000000000057,robot,Joint attention:robot,1,r,105,SK
629,Joint attention,"Parent,Child",103.7,104.3,0.5999999999999943,props,Joint attention:props,1,r,105,SK
630,Joint attention,"Parent,Child",105.96000000000001,106.22,0.2599999999999909,props,Joint attention:props,1,r,105,SK
631,Joint attention,"Parent,Child",108.52000000000001,110.82,2.299999999999983,props,Joint attention:props,1,r,105,SK
632,Joint attention,"Parent,Child",112.88,114.47999999999999,1.5999999999999943,props,Joint attention:props,1,r,105,SK
633,Joint attention,"Parent,Child",115.24000000000001,117.12,1.8799999999999955,props,Joint attention:props,1,r,105,SK
634,Joint attention,"Parent,Child",117.5,118.25999999999999,0.7599999999999909,robot,Joint attention:robot,1,r,105,SK
635,Joint attention,"Parent,Child",128.38,128.82,0.4399999999999977,props,Joint attention:props,1,r,105,SK
636,Joint attention,"Parent,Child",130.26,131.1,0.8400000000000034,props,Joint attention:props,1,r,105,SK
637,Joint attention,"Parent,Child",132.28,134.86,2.5800000000000125,props,Joint attention:props,1,r,105,SK
638,Joint attention,"Parent,Child",159.28,160.5,1.2199999999999989,props,Joint attention:props,1,r,105,SK
639,Joint attention,"Parent,Child",160.7,162.5,1.8000000000000114,robot,Joint attention:robot,1,r,105,SK
640,Joint attention,"Parent,Child",170.22,171.82,1.5999999999999943,robot,Joint attention:robot,1,r,105,SK
641,Joint attention,"Parent,Child",179.82,182.62,2.8000000000000114,props,Joint attention:props,1,r,105,SK
642,Joint attention,"Parent,Child",185.68,185.96,0.28000000000000114,props,Joint attention:props,1,r,105,SK
643,Joint attention,"Parent,Child",190.18,191.54,1.3599999999999852,props,Joint attention:props,1,r,105,SK
644,Joint attention,"Parent,Child",200.46,202.38,1.9199999999999875,robot,Joint attention:robot,1,r,105,SK
645,Joint attention,"Parent,Child",208.2,210.28,2.0800000000000125,props,Joint attention:props,1,r,105,SK
646,Joint attention,"Parent,Child",214.72,216.3,1.5800000000000125,props,Joint attention:props,1,r,105,SK
647,Joint attention,"Parent,Child",217.34,221.12,3.780000000000001,props,Joint attention:props,1,r,105,SK
648,Joint attention,"Parent,Child",223.18,226.54,3.359999999999985,robot,Joint attention:robot,1,r,105,SK
649,Joint attention,"Parent,Child",232.48,234.28,1.8000000000000114,props,Joint attention:props,1,r,105,SK
650,Joint attention,"Parent,Child",234.8,236.07999999999998,1.2799999999999727,props,Joint attention:props,1,r,105,SK
651,Joint attention,"Parent,Child",237.28,237.8,0.5200000000000102,props,Joint attention:props,1,r,105,SK
652,Joint attention,"Parent,Child",245.52,246.16,0.6399999999999864,robot,Joint attention:robot,1,r,105,SK
653,Joint attention,"Parent,Child",247.74,249.74,2.0,robot,Joint attention:robot,1,r,105,SK
654,Joint attention,"Parent,Child",250.72,253.04,2.319999999999993,robot,Joint attention:robot,1,r,105,SK
655,Joint attention,"Parent,Child",255.76,256.34,0.5799999999999841,robot,Joint attention:robot,1,r,105,SK
656,Joint attention,"Parent,Child",257.22,258.78,1.5599999999999454,props,Joint attention:props,1,r,105,SK
657,Joint attention,"Parent,Child",269.72,272.28,2.5599999999999454,props,Joint attention:props,1,r,105,SK
658,Joint attention,"Parent,Child",273.26,276.02,2.759999999999991,props,Joint attention:props,1,r,105,SK
659,Joint attention,"Parent,Child",282.8,282.94,0.13999999999998636,props,Joint attention:props,1,r,105,SK
660,Joint attention,"Parent,Child",298.24,298.76,0.5199999999999818,props,Joint attention:props,1,r,105,SK
661,Joint attention,"Parent,Child",299.15999999999997,299.88,0.7200000000000273,robot,Joint attention:robot,1,r,105,SK
662,Mutual gaze,"Parent,Child",85.56,86.72,1.1599999999999966,MG,Mutual gaze:MG,1,r,105,SK
